variable,mean,std,min,p25,p50,p75,max,n
mean_radiance,0.6863061141240343,1.6904769978268737,0.0003009086952563,0.25792813052733743,0.4194842576980591,0.6758299767971039,35.01987965901693,23347
log_lights_qt,0.4203895483510991,0.33691138642505275,0.0003008634313148,0.22946602668944385,0.3502936068363253,0.5163085510254382,3.5840709987932264,23347
lights_change_qt,0.00532363382435672,0.11028621719758705,-1.1721932501466243,-0.0481834773947093,0.0002045370795478,0.0523388124698206,1.124083477102192,22716
deposit_change_qt,0.1191458045496119,0.658535204529036,-2.734367509419583,0.0,0.0056980211146369,0.0188822837816422,6.557687187217227,22503
