Variable,Coefficient,Std_Error,t_statistic,p_value,N_obs
lights_change_qt_hat,-0.1189309265090218,0.24044144458774683,-0.49463571770223286,0.6208622594215001,22503
