Variable,Coefficient,Std_Error,t_statistic,p_value,N_obs
flood_t0,0.0005928953096998554,0.003135459007240924,0.18909362499418514,0.8500212436656018,21912
flood_t1_lag,-0.006162858272485767,0.003110032462926708,-1.9816057696986822,0.047536245717675785,21912
flood_t2_lag,-0.005310409019739108,0.0031765667522186927,-1.6717448219937516,0.09458937409221768,21912
