Test,Baseline_Effect,Interaction_Coef,Interaction_SE,Interaction_t,Interaction_p
H4a: Urban×Flood,0.5100499917746862,-1.2070888314370203,0.4288747322992374,-2.8145487260713744,0.0048889279065947745
H4b: HighExp×Flood,0.14082559495510888,-0.3443966509237891,0.5693232361322413,-0.604922878720856,0.545236498866366
H4c: Monsoon×Flood,-0.18291505675398712,0.10457865758122223,0.47980724525445123,0.21795972990312412,0.8274625156240453
